date,bitkub_unscaled,bitkub_monthly,isPartial,scale,bitkub
2020-12-01,0,,,,
2020-12-02,97,,,,
2020-12-03,100,,,,
2020-12-04,0,,,,
2020-12-05,0,,,,
2020-12-06,0,35.0,False,0.35,0.0
2020-12-07,0,35.0,,0.35,0.0
2020-12-08,0,35.0,,0.35,0.0
2020-12-09,0,35.0,,0.35,0.0
2020-12-10,0,35.0,,0.35,0.0
2020-12-11,0,35.0,,0.35,0.0
2020-12-12,0,35.0,,0.35,0.0
2020-12-13,0,0.0,False,0.0,0.0
2020-12-14,70,0.0,,0.0,0.0
2020-12-15,0,0.0,,0.0,0.0
2020-12-16,0,0.0,,0.0,0.0
2020-12-17,0,0.0,,0.0,0.0
2020-12-18,0,0.0,,0.0,0.0
2020-12-19,0,0.0,,0.0,0.0
2020-12-20,0,61.0,False,0.61,0.0
2020-12-21,0,61.0,,0.61,0.0
2020-12-22,0,61.0,,0.61,0.0
2020-12-23,0,61.0,,0.61,0.0
2020-12-24,0,61.0,,0.61,0.0
2020-12-25,0,61.0,,0.61,0.0
2020-12-26,69,61.0,,0.61,42.089999999999996
2020-12-27,0,22.0,False,0.22,0.0
2020-12-28,80,22.0,,0.22,17.6
2020-12-29,0,22.0,,0.22,0.0
2020-12-30,0,22.0,,0.22,0.0
2020-12-31,0,22.0,,0.22,0.0
2021-01-01,0,22.0,,0.22,0.0
2021-01-02,0,22.0,,0.22,0.0
2021-01-03,0,60.0,False,0.6,0.0
2021-01-04,0,60.0,,0.6,0.0
2021-01-05,49,60.0,,0.6,29.4
2021-01-06,0,60.0,,0.6,0.0
2021-01-07,0,60.0,,0.6,0.0
2021-01-08,46,60.0,,0.6,27.599999999999998
2021-01-09,100,60.0,,0.6,60.0
2021-01-10,71,37.0,False,0.37,26.27
2021-01-11,93,37.0,,0.37,34.41
2021-01-12,0,37.0,,0.37,0.0
2021-01-13,0,37.0,,0.37,0.0
2021-01-14,0,37.0,,0.37,0.0
2021-01-15,0,37.0,,0.37,0.0
2021-01-16,0,37.0,,0.37,0.0
2021-01-17,49,0.0,False,0.0,0.0
2021-01-18,0,0.0,,0.0,0.0
2021-01-19,0,0.0,,0.0,0.0
2021-01-20,86,0.0,,0.0,0.0
2021-01-21,0,0.0,,0.0,0.0
2021-01-22,0,0.0,,0.0,0.0
2021-01-23,0,0.0,,0.0,0.0
2021-01-24,0,0.0,False,0.0,0.0
2021-01-25,0,0.0,,0.0,0.0
2021-01-26,0,0.0,,0.0,0.0
2021-01-27,0,0.0,,0.0,0.0
2021-01-28,0,0.0,,0.0,0.0
2021-01-29,0,0.0,,0.0,0.0
2021-01-30,0,0.0,,0.0,0.0
2021-01-31,0,0.0,False,0.0,0.0
2021-02-01,100,0.0,,0.0,0.0
2021-02-02,0,0.0,,0.0,0.0
2021-02-03,0,0.0,,0.0,0.0
2021-02-04,0,0.0,,0.0,0.0
2021-02-05,0,0.0,,0.0,0.0
2021-02-06,0,0.0,,0.0,0.0
2021-02-07,0,0.0,False,0.0,0.0
2021-02-08,0,0.0,,0.0,0.0
2021-02-09,0,0.0,,0.0,0.0
2021-02-10,0,0.0,,0.0,0.0
2021-02-11,80,0.0,,0.0,0.0
2021-02-12,89,0.0,,0.0,0.0
2021-02-13,0,0.0,,0.0,0.0
2021-02-14,0,0.0,False,0.0,0.0
2021-02-15,0,0.0,,0.0,0.0
2021-02-16,0,0.0,,0.0,0.0
2021-02-17,0,0.0,,0.0,0.0
2021-02-18,0,0.0,,0.0,0.0
2021-02-19,0,0.0,,0.0,0.0
2021-02-20,92,0.0,,0.0,0.0
2021-02-21,0,0.0,False,0.0,0.0
2021-02-22,67,0.0,,0.0,0.0
2021-02-23,73,0.0,,0.0,0.0
2021-02-24,0,0.0,,0.0,0.0
2021-02-25,65,0.0,,0.0,0.0
2021-02-26,0,0.0,,0.0,0.0
2021-02-27,0,0.0,,0.0,0.0
2021-02-28,0,37.0,False,0.37,0.0
2021-03-01,0,37.0,,0.37,0.0
2021-03-02,0,37.0,,0.37,0.0
2021-03-03,0,37.0,,0.37,0.0
2021-03-04,0,37.0,,0.37,0.0
2021-03-05,0,37.0,,0.37,0.0
2021-03-06,0,37.0,,0.37,0.0
2021-03-07,0,23.0,False,0.23,0.0
2021-03-08,0,23.0,,0.23,0.0
2021-03-09,0,23.0,,0.23,0.0
2021-03-10,0,23.0,,0.23,0.0
2021-03-11,0,23.0,,0.23,0.0
2021-03-12,0,23.0,,0.23,0.0
2021-03-13,0,23.0,,0.23,0.0
2021-03-14,0,0.0,False,0.0,0.0
2021-03-15,0,0.0,,0.0,0.0
2021-03-16,0,0.0,,0.0,0.0
2021-03-17,67,0.0,,0.0,0.0
2021-03-18,49,0.0,,0.0,0.0
2021-03-19,0,0.0,,0.0,0.0
2021-03-20,0,0.0,,0.0,0.0
2021-03-21,100,32.0,False,0.32,32.0
2021-03-22,0,32.0,,0.32,0.0
2021-03-23,0,32.0,,0.32,0.0
2021-03-24,0,32.0,,0.32,0.0
2021-03-25,0,32.0,,0.32,0.0
2021-03-26,46,32.0,,0.32,14.72
2021-03-27,0,32.0,,0.32,0.0
2021-03-28,0,100.0,False,1.0,0.0
2021-03-29,0,100.0,,1.0,0.0
2021-03-30,0,100.0,,1.0,0.0
2021-03-31,0,100.0,,1.0,0.0
2021-04-01,0,100.0,,1.0,0.0
2021-04-02,0,100.0,,1.0,0.0
2021-04-03,0,100.0,,1.0,0.0
2021-04-04,0,0.0,False,0.0,0.0
2021-04-05,0,0.0,,0.0,0.0
2021-04-06,0,0.0,,0.0,0.0
2021-04-07,29,0.0,,0.0,0.0
2021-04-08,0,0.0,,0.0,0.0
2021-04-09,0,0.0,,0.0,0.0
2021-04-10,0,0.0,,0.0,0.0
2021-04-11,0,34.0,False,0.34,0.0
2021-04-12,28,34.0,,0.34,9.520000000000001
2021-04-13,22,34.0,,0.34,7.48
2021-04-14,39,34.0,,0.34,13.260000000000002
2021-04-15,100,34.0,,0.34,34.0
2021-04-16,0,34.0,,0.34,0.0
2021-04-17,29,34.0,,0.34,9.860000000000001
2021-04-18,48,0.0,False,0.0,0.0
2021-04-19,0,0.0,,0.0,0.0
2021-04-20,0,0.0,,0.0,0.0
2021-04-21,0,0.0,,0.0,0.0
2021-04-22,0,0.0,,0.0,0.0
2021-04-23,0,0.0,,0.0,0.0
2021-04-24,0,0.0,,0.0,0.0
2021-04-25,0,0.0,False,0.0,0.0
2021-04-26,73,0.0,,0.0,0.0
2021-04-27,0,0.0,,0.0,0.0
2021-04-28,0,0.0,,0.0,0.0
2021-04-29,0,0.0,,0.0,0.0
2021-04-30,0,0.0,,0.0,0.0
2021-05-01,0,0.0,,0.0,0.0
2021-05-02,0,0.0,False,0.0,0.0
2021-05-03,0,0.0,,0.0,0.0
2021-05-04,41,0.0,,0.0,0.0
2021-05-05,0,0.0,,0.0,0.0
2021-05-06,0,0.0,,0.0,0.0
2021-05-07,0,0.0,,0.0,0.0
2021-05-08,0,0.0,,0.0,0.0
2021-05-09,0,0.0,False,0.0,0.0
2021-05-10,0,0.0,,0.0,0.0
2021-05-11,0,0.0,,0.0,0.0
2021-05-12,0,0.0,,0.0,0.0
2021-05-13,0,0.0,,0.0,0.0
2021-05-14,0,0.0,,0.0,0.0
2021-05-15,0,0.0,,0.0,0.0
2021-05-16,100,25.0,False,0.25,25.0
2021-05-17,0,25.0,,0.25,0.0
2021-05-18,0,25.0,,0.25,0.0
2021-05-19,0,25.0,,0.25,0.0
2021-05-20,0,25.0,,0.25,0.0
2021-05-21,0,25.0,,0.25,0.0
2021-05-22,0,25.0,,0.25,0.0
2021-05-23,0,0.0,False,0.0,0.0
2021-05-24,0,0.0,,0.0,0.0
2021-05-25,0,0.0,,0.0,0.0
2021-05-26,0,0.0,,0.0,0.0
2021-05-27,0,0.0,,0.0,0.0
2021-05-28,0,0.0,,0.0,0.0
2021-05-29,0,0.0,,0.0,0.0
2021-05-30,0,79.0,False,0.79,0.0
2021-05-31,0,79.0,,0.79,0.0
2021-06-01,55,79.0,,0.79,43.45
2021-06-02,41,79.0,,0.79,32.39
2021-06-03,0,79.0,,0.79,0.0
2021-06-04,0,79.0,,0.79,0.0
2021-06-05,0,79.0,,0.79,0.0
2021-06-06,0,30.0,False,0.3,0.0
2021-06-07,0,30.0,,0.3,0.0
2021-06-08,0,30.0,,0.3,0.0
2021-06-09,100,30.0,,0.3,30.0
2021-06-10,0,30.0,,0.3,0.0
2021-06-11,0,30.0,,0.3,0.0
2021-06-12,0,30.0,,0.3,0.0
2021-06-13,0,0.0,False,0.0,0.0
2021-06-14,0,0.0,,0.0,0.0
2021-06-15,0,0.0,,0.0,0.0
2021-06-16,0,0.0,,0.0,0.0
2021-06-17,0,0.0,,0.0,0.0
2021-06-18,0,0.0,,0.0,0.0
2021-06-19,0,0.0,,0.0,0.0
2021-06-20,0,0.0,False,0.0,0.0
2021-06-21,0,0.0,,0.0,0.0
2021-06-22,0,0.0,,0.0,0.0
2021-06-23,0,0.0,,0.0,0.0
2021-06-24,0,0.0,,0.0,0.0
2021-06-25,0,0.0,,0.0,0.0
2021-06-26,0,0.0,,0.0,0.0
2021-06-27,0,0.0,False,0.0,0.0
2021-06-28,0,0.0,,0.0,0.0
2021-06-29,0,0.0,,0.0,0.0
2021-06-30,0,0.0,,0.0,0.0
2021-07-01,0,0.0,,0.0,0.0
2021-07-02,0,0.0,,0.0,0.0
2021-07-03,0,0.0,,0.0,0.0
2021-07-04,0,0.0,False,0.0,0.0
2021-07-05,35,0.0,,0.0,0.0
2021-07-06,0,0.0,,0.0,0.0
2021-07-07,0,0.0,,0.0,0.0
2021-07-08,0,0.0,,0.0,0.0
2021-07-09,0,0.0,,0.0,0.0
2021-07-10,39,0.0,,0.0,0.0
2021-07-11,50,0.0,False,0.0,0.0
2021-07-12,0,0.0,,0.0,0.0
2021-07-13,0,0.0,,0.0,0.0
2021-07-14,0,0.0,,0.0,0.0
2021-07-15,0,0.0,,0.0,0.0
2021-07-16,38,0.0,,0.0,0.0
2021-07-17,0,0.0,,0.0,0.0
2021-07-18,0,59.0,False,0.59,0.0
2021-07-19,0,59.0,,0.59,0.0
2021-07-20,66,59.0,,0.59,38.94
2021-07-21,0,59.0,,0.59,0.0
2021-07-22,0,59.0,,0.59,0.0
2021-07-23,100,59.0,,0.59,59.0
2021-07-24,0,59.0,,0.59,0.0
2021-07-25,0,0.0,False,0.0,0.0
2021-07-26,0,0.0,,0.0,0.0
2021-07-27,0,0.0,,0.0,0.0
2021-07-28,0,0.0,,0.0,0.0
2021-07-29,0,0.0,,0.0,0.0
2021-07-30,0,0.0,,0.0,0.0
2021-07-31,64,0.0,,0.0,0.0
2021-08-01,0,23.0,False,0.23,0.0
2021-08-02,0,23.0,,0.23,0.0
2021-08-03,0,23.0,,0.23,0.0
2021-08-04,0,23.0,,0.23,0.0
2021-08-05,100,23.0,,0.23,23.0
2021-08-06,0,23.0,,0.23,0.0
2021-08-07,0,23.0,,0.23,0.0
2021-08-08,55,0.0,False,0.0,0.0
2021-08-09,0,0.0,,0.0,0.0
2021-08-10,0,0.0,,0.0,0.0
2021-08-11,61,0.0,,0.0,0.0
2021-08-12,45,0.0,,0.0,0.0
2021-08-13,0,0.0,,0.0,0.0
2021-08-14,0,0.0,,0.0,0.0
2021-08-15,0,0.0,False,0.0,0.0
2021-08-16,0,0.0,,0.0,0.0
2021-08-17,0,0.0,,0.0,0.0
2021-08-18,0,0.0,,0.0,0.0
2021-08-19,0,0.0,,0.0,0.0
2021-08-20,58,0.0,,0.0,0.0
2021-08-21,0,0.0,,0.0,0.0
2021-08-22,0,0.0,False,0.0,0.0
2021-08-23,0,0.0,,0.0,0.0
2021-08-24,0,0.0,,0.0,0.0
2021-08-25,0,0.0,,0.0,0.0
2021-08-26,0,0.0,,0.0,0.0
2021-08-27,0,0.0,,0.0,0.0
2021-08-28,0,0.0,,0.0,0.0
2021-08-29,0,0.0,False,0.0,0.0
2021-08-30,0,0.0,,0.0,0.0
2021-08-31,0,0.0,,0.0,0.0
2021-09-01,0,0.0,,0.0,0.0
2021-09-02,0,0.0,,0.0,0.0
2021-09-03,0,0.0,,0.0,0.0
2021-09-04,50,0.0,,0.0,0.0
2021-09-05,0,38.0,False,0.38,0.0
2021-09-06,0,38.0,,0.38,0.0
2021-09-07,0,38.0,,0.38,0.0
2021-09-08,0,38.0,,0.38,0.0
2021-09-09,0,38.0,,0.38,0.0
2021-09-10,0,38.0,,0.38,0.0
2021-09-11,0,38.0,,0.38,0.0
2021-09-12,61,38.0,False,0.38,23.18
2021-09-13,0,38.0,,0.38,0.0
2021-09-14,0,38.0,,0.38,0.0
2021-09-15,0,38.0,,0.38,0.0
2021-09-16,0,38.0,,0.38,0.0
2021-09-17,100,38.0,,0.38,38.0
2021-09-18,0,38.0,,0.38,0.0
2021-09-19,37,0.0,False,0.0,0.0
2021-09-20,0,0.0,,0.0,0.0
2021-09-21,0,0.0,,0.0,0.0
2021-09-22,61,0.0,,0.0,0.0
2021-09-23,0,0.0,,0.0,0.0
2021-09-24,58,0.0,,0.0,0.0
2021-09-25,0,0.0,,0.0,0.0
2021-09-26,0,0.0,False,0.0,0.0
2021-09-27,0,0.0,,0.0,0.0
2021-09-28,0,0.0,,0.0,0.0
2021-09-29,48,0.0,,0.0,0.0
2021-09-30,42,0.0,,0.0,0.0
2021-10-01,0,0.0,,0.0,0.0
2021-10-02,0,0.0,,0.0,0.0
2021-10-03,0,0.0,False,0.0,0.0
2021-10-04,0,0.0,,0.0,0.0
2021-10-05,0,0.0,,0.0,0.0
2021-10-06,0,0.0,,0.0,0.0
2021-10-07,0,0.0,,0.0,0.0
2021-10-08,34,0.0,,0.0,0.0
2021-10-09,0,0.0,,0.0,0.0
2021-10-10,0,0.0,False,0.0,0.0
2021-10-11,57,0.0,,0.0,0.0
2021-10-12,0,0.0,,0.0,0.0
2021-10-13,0,0.0,,0.0,0.0
2021-10-14,0,0.0,,0.0,0.0
2021-10-15,0,0.0,,0.0,0.0
2021-10-16,64,0.0,,0.0,0.0
2021-10-17,0,0.0,False,0.0,0.0
2021-10-18,0,0.0,,0.0,0.0
2021-10-19,0,0.0,,0.0,0.0
2021-10-20,0,0.0,,0.0,0.0
2021-10-21,0,0.0,,0.0,0.0
2021-10-22,73,0.0,,0.0,0.0
2021-10-23,0,0.0,,0.0,0.0
2021-10-24,0,36.0,False,0.36,0.0
2021-10-25,0,36.0,,0.36,0.0
2021-10-26,66,36.0,,0.36,23.759999999999998
2021-10-27,0,36.0,,0.36,0.0
2021-10-28,100,36.0,,0.36,36.0
2021-10-29,69,36.0,,0.36,24.84
2021-10-30,0,36.0,,0.36,0.0
2021-10-31,0,0.0,False,0.0,0.0
2021-11-01,0,0.0,,0.0,0.0
2021-11-02,0,0.0,,0.0,0.0
2021-11-03,82,0.0,,0.0,0.0
2021-11-04,0,0.0,,0.0,0.0
2021-11-05,100,0.0,,0.0,0.0
2021-11-06,0,0.0,,0.0,0.0
2021-11-07,0,0.0,False,0.0,0.0
2021-11-08,64,0.0,,0.0,0.0
2021-11-09,52,0.0,,0.0,0.0
2021-11-10,0,0.0,,0.0,0.0
2021-11-11,0,0.0,,0.0,0.0
2021-11-12,0,0.0,,0.0,0.0
2021-11-13,0,0.0,,0.0,0.0
2021-11-14,0,0.0,False,0.0,0.0
2021-11-15,0,0.0,,0.0,0.0
2021-11-16,0,0.0,,0.0,0.0
2021-11-17,0,0.0,,0.0,0.0
2021-11-18,0,0.0,,0.0,0.0
2021-11-19,0,0.0,,0.0,0.0
2021-11-20,0,0.0,,0.0,0.0
2021-11-21,0,68.0,False,0.68,0.0
2021-11-22,58,68.0,,0.68,39.440000000000005
2021-11-23,0,68.0,,0.68,0.0
2021-11-24,64,68.0,,0.68,43.52
2021-11-25,50,68.0,,0.68,34.0
2021-11-26,0,68.0,,0.68,0.0
2021-11-27,0,68.0,,0.68,0.0
2021-11-28,67,45.0,False,0.45,30.150000000000002
2021-11-29,0,45.0,,0.45,0.0
2021-11-30,0,45.0,,0.45,0.0
2021-12-01,0,45.0,,0.45,0.0
2021-12-02,0,45.0,,0.45,0.0
2021-12-03,0,45.0,,0.45,0.0
2021-12-04,47,45.0,,0.45,21.150000000000002
2021-12-05,51,33.0,False,0.33,16.830000000000002
2021-12-06,0,33.0,,0.33,0.0
2021-12-07,0,33.0,,0.33,0.0
2021-12-08,0,33.0,,0.33,0.0
2021-12-09,29,33.0,,0.33,9.57
2021-12-10,0,33.0,,0.33,0.0
2021-12-11,0,33.0,,0.33,0.0
2021-12-12,97,53.0,False,0.53,51.410000000000004
2021-12-13,0,53.0,,0.53,0.0
2021-12-14,100,53.0,,0.53,53.0
2021-12-15,0,53.0,,0.53,0.0
2021-12-16,0,53.0,,0.53,0.0
2021-12-17,0,53.0,,0.53,0.0
2021-12-18,0,53.0,,0.53,0.0
2021-12-19,0,0.0,False,0.0,0.0
2021-12-20,0,0.0,,0.0,0.0
2021-12-21,55,0.0,,0.0,0.0
2021-12-22,0,0.0,,0.0,0.0
2021-12-23,0,0.0,,0.0,0.0
2021-12-24,0,0.0,,0.0,0.0
2021-12-25,0,0.0,,0.0,0.0
2021-12-26,0,25.0,False,0.25,0.0
2021-12-27,0,25.0,,0.25,0.0
2021-12-28,46,25.0,,0.25,11.5
2021-12-29,0,25.0,,0.25,0.0
2021-12-30,0,25.0,,0.25,0.0
2021-12-31,0,25.0,,0.25,0.0
2022-01-01,0,25.0,,0.25,0.0
2022-01-02,0,0.0,False,0.0,0.0
2022-01-03,0,0.0,,0.0,0.0
2022-01-04,0,0.0,,0.0,0.0
2022-01-05,0,0.0,,0.0,0.0
2022-01-06,0,0.0,,0.0,0.0
2022-01-07,0,0.0,,0.0,0.0
2022-01-08,0,0.0,,0.0,0.0
2022-01-09,89,0.0,False,0.0,0.0
2022-01-10,0,0.0,,0.0,0.0
2022-01-11,0,0.0,,0.0,0.0
2022-01-12,0,0.0,,0.0,0.0
2022-01-13,52,0.0,,0.0,0.0
2022-01-14,0,0.0,,0.0,0.0
2022-01-15,69,0.0,,0.0,0.0
2022-01-16,42,0.0,False,0.0,0.0
2022-01-17,33,0.0,,0.0,0.0
2022-01-18,0,0.0,,0.0,0.0
2022-01-19,0,0.0,,0.0,0.0
2022-01-20,0,0.0,,0.0,0.0
2022-01-21,0,0.0,,0.0,0.0
2022-01-22,100,0.0,,0.0,0.0
2022-01-23,0,0.0,False,0.0,0.0
2022-01-24,0,0.0,,0.0,0.0
2022-01-25,0,0.0,,0.0,0.0
2022-01-26,0,0.0,,0.0,0.0
2022-01-27,0,0.0,,0.0,0.0
2022-01-28,0,0.0,,0.0,0.0
2022-01-29,0,0.0,,0.0,0.0
2022-01-30,0,29.0,False,0.29,0.0
2022-01-31,0,29.0,,0.29,0.0
2022-02-01,0,29.0,,0.29,0.0
2022-02-02,34,29.0,,0.29,9.86
2022-02-03,0,29.0,,0.29,0.0
2022-02-04,0,29.0,,0.29,0.0
2022-02-05,0,29.0,,0.29,0.0
2022-02-06,0,24.0,False,0.24,0.0
2022-02-07,0,24.0,,0.24,0.0
2022-02-08,0,24.0,,0.24,0.0
2022-02-09,0,24.0,,0.24,0.0
2022-02-10,0,24.0,,0.24,0.0
2022-02-11,0,24.0,,0.24,0.0
2022-02-12,42,24.0,,0.24,10.08
2022-02-13,34,0.0,False,0.0,0.0
2022-02-14,0,0.0,,0.0,0.0
2022-02-15,0,0.0,,0.0,0.0
2022-02-16,30,0.0,,0.0,0.0
2022-02-17,0,0.0,,0.0,0.0
2022-02-18,100,0.0,,0.0,0.0
2022-02-19,0,0.0,,0.0,0.0
2022-02-20,0,0.0,False,0.0,0.0
2022-02-21,0,0.0,,0.0,0.0
2022-02-22,0,0.0,,0.0,0.0
2022-02-23,0,0.0,,0.0,0.0
2022-02-24,0,0.0,,0.0,0.0
2022-02-25,0,0.0,,0.0,0.0
2022-02-26,0,0.0,,0.0,0.0
2022-02-27,76,0.0,False,0.0,0.0
2022-02-28,0,0.0,,0.0,0.0
2022-03-01,0,0.0,,0.0,0.0
2022-03-02,100,0.0,,0.0,0.0
2022-03-03,0,0.0,,0.0,0.0
2022-03-04,0,0.0,,0.0,0.0
2022-03-05,0,0.0,,0.0,0.0
2022-03-06,0,0.0,False,0.0,0.0
2022-03-07,0,0.0,,0.0,0.0
2022-03-08,0,0.0,,0.0,0.0
2022-03-09,86,0.0,,0.0,0.0
2022-03-10,0,0.0,,0.0,0.0
2022-03-11,0,0.0,,0.0,0.0
2022-03-12,0,0.0,,0.0,0.0
2022-03-13,0,0.0,False,0.0,0.0
2022-03-14,0,0.0,,0.0,0.0
2022-03-15,0,0.0,,0.0,0.0
2022-03-16,0,0.0,,0.0,0.0
2022-03-17,0,0.0,,0.0,0.0
2022-03-18,0,0.0,,0.0,0.0
2022-03-19,69,0.0,,0.0,0.0
2022-03-20,0,50.0,False,0.5,0.0
2022-03-21,0,50.0,,0.5,0.0
2022-03-22,0,50.0,,0.5,0.0
2022-03-23,0,50.0,,0.5,0.0
2022-03-24,0,50.0,,0.5,0.0
2022-03-25,59,50.0,,0.5,29.5
2022-03-26,0,50.0,,0.5,0.0
2022-03-27,0,18.0,False,0.18,0.0
2022-03-28,0,18.0,,0.18,0.0
2022-03-29,0,18.0,,0.18,0.0
2022-03-30,0,18.0,,0.18,0.0
2022-03-31,54,18.0,,0.18,9.719999999999999
2022-04-01,80,18.0,,0.18,14.399999999999999
2022-04-02,0,18.0,,0.18,0.0
2022-04-03,0,65.0,False,0.65,0.0
2022-04-04,62,65.0,,0.65,40.300000000000004
2022-04-05,0,65.0,,0.65,0.0
2022-04-06,0,65.0,,0.65,0.0
2022-04-07,0,65.0,,0.65,0.0
2022-04-08,0,65.0,,0.65,0.0
2022-04-09,0,65.0,,0.65,0.0
2022-04-10,0,0.0,False,0.0,0.0
2022-04-11,0,0.0,,0.0,0.0
2022-04-12,0,0.0,,0.0,0.0
2022-04-13,0,0.0,,0.0,0.0
2022-04-14,0,0.0,,0.0,0.0
2022-04-15,0,0.0,,0.0,0.0
2022-04-16,87,0.0,,0.0,0.0
2022-04-17,70,0.0,False,0.0,0.0
2022-04-18,0,0.0,,0.0,0.0
2022-04-19,0,0.0,,0.0,0.0
2022-04-20,0,0.0,,0.0,0.0
2022-04-21,0,0.0,,0.0,0.0
2022-04-22,0,0.0,,0.0,0.0
2022-04-23,0,0.0,,0.0,0.0
2022-04-24,0,18.0,False,0.18,0.0
2022-04-25,100,18.0,,0.18,18.0
2022-04-26,0,18.0,,0.18,0.0
2022-04-27,0,18.0,,0.18,0.0
2022-04-28,0,18.0,,0.18,0.0
2022-04-29,98,18.0,,0.18,17.64
2022-04-30,67,18.0,,0.18,12.059999999999999
2022-05-01,0,36.0,False,0.36,0.0
2022-05-02,0,36.0,,0.36,0.0
2022-05-03,0,36.0,,0.36,0.0
2022-05-04,0,36.0,,0.36,0.0
2022-05-05,97,36.0,,0.36,34.92
2022-05-06,0,36.0,,0.36,0.0
2022-05-07,0,36.0,,0.36,0.0
2022-05-08,0,0.0,False,0.0,0.0
2022-05-09,0,0.0,,0.0,0.0
2022-05-10,0,0.0,,0.0,0.0
2022-05-11,0,0.0,,0.0,0.0
2022-05-12,0,0.0,,0.0,0.0
2022-05-13,0,0.0,,0.0,0.0
2022-05-14,0,0.0,,0.0,0.0
2022-05-15,0,0.0,False,0.0,0.0
2022-05-16,100,0.0,,0.0,0.0
2022-05-17,0,0.0,,0.0,0.0
2022-05-18,0,0.0,,0.0,0.0
2022-05-19,0,0.0,,0.0,0.0
2022-05-20,0,0.0,,0.0,0.0
2022-05-21,0,0.0,,0.0,0.0
2022-05-22,0,0.0,False,0.0,0.0
2022-05-23,0,0.0,,0.0,0.0
2022-05-24,0,0.0,,0.0,0.0
2022-05-25,0,0.0,,0.0,0.0
2022-05-26,0,0.0,,0.0,0.0
2022-05-27,0,0.0,,0.0,0.0
2022-05-28,0,0.0,,0.0,0.0
2022-05-29,0,37.0,False,0.37,0.0
2022-05-30,0,37.0,,0.37,0.0
2022-05-31,0,37.0,,0.37,0.0
2022-06-01,0,37.0,,0.37,0.0
2022-06-02,0,37.0,,0.37,0.0
2022-06-03,0,37.0,,0.37,0.0
2022-06-04,0,37.0,,0.37,0.0
2022-06-05,0,0.0,False,0.0,0.0
2022-06-06,41,0.0,,0.0,0.0
2022-06-07,0,0.0,,0.0,0.0
2022-06-08,0,0.0,,0.0,0.0
2022-06-09,0,0.0,,0.0,0.0
2022-06-10,0,0.0,,0.0,0.0
2022-06-11,0,0.0,,0.0,0.0
2022-06-12,0,0.0,False,0.0,0.0
2022-06-13,0,0.0,,0.0,0.0
2022-06-14,0,0.0,,0.0,0.0
2022-06-15,0,0.0,,0.0,0.0
2022-06-16,0,0.0,,0.0,0.0
2022-06-17,0,0.0,,0.0,0.0
2022-06-18,47,0.0,,0.0,0.0
2022-06-19,0,28.0,False,0.28,0.0
2022-06-20,0,28.0,,0.28,0.0
2022-06-21,0,28.0,,0.28,0.0
2022-06-22,0,28.0,,0.28,0.0
2022-06-23,52,28.0,,0.28,14.560000000000002
2022-06-24,0,28.0,,0.28,0.0
2022-06-25,0,28.0,,0.28,0.0
2022-06-26,0,0.0,False,0.0,0.0
2022-06-27,0,0.0,,0.0,0.0
2022-06-28,100,0.0,,0.0,0.0
2022-06-29,0,0.0,,0.0,0.0
2022-06-30,0,0.0,,0.0,0.0
2022-07-01,0,0.0,,0.0,0.0
2022-07-02,48,0.0,,0.0,0.0
2022-07-03,0,0.0,False,0.0,0.0
2022-07-04,54,0.0,,0.0,0.0
2022-07-05,0,0.0,,0.0,0.0
2022-07-06,25,0.0,,0.0,0.0
2022-07-07,0,0.0,,0.0,0.0
2022-07-08,0,0.0,,0.0,0.0
2022-07-09,0,0.0,,0.0,0.0
2022-07-10,0,0.0,False,0.0,0.0
2022-07-11,0,0.0,,0.0,0.0
2022-07-12,17,0.0,,0.0,0.0
2022-07-13,0,0.0,,0.0,0.0
2022-07-14,0,0.0,,0.0,0.0
2022-07-15,0,0.0,,0.0,0.0
2022-07-16,0,0.0,,0.0,0.0
2022-07-17,26,0.0,False,0.0,0.0
2022-07-18,0,0.0,,0.0,0.0
2022-07-19,17,0.0,,0.0,0.0
2022-07-20,0,0.0,,0.0,0.0
2022-07-21,0,0.0,,0.0,0.0
2022-07-22,0,0.0,,0.0,0.0
2022-07-23,0,0.0,,0.0,0.0
2022-07-24,40,0.0,False,0.0,0.0
2022-07-25,0,0.0,,0.0,0.0
2022-07-26,0,0.0,,0.0,0.0
2022-07-27,0,0.0,,0.0,0.0
2022-07-28,0,0.0,,0.0,0.0
2022-07-29,0,0.0,,0.0,0.0
2022-07-30,0,0.0,,0.0,0.0
2022-07-31,100,0.0,False,0.0,0.0
2022-08-01,100,0.0,,0.0,0.0
2022-08-02,0,0.0,,0.0,0.0
2022-08-03,0,0.0,,0.0,0.0
2022-08-04,46,0.0,,0.0,0.0
2022-08-05,0,0.0,,0.0,0.0
2022-08-06,0,0.0,,0.0,0.0
2022-08-07,0,0.0,False,0.0,0.0
2022-08-08,0,0.0,,0.0,0.0
2022-08-09,0,0.0,,0.0,0.0
2022-08-10,64,0.0,,0.0,0.0
2022-08-11,0,0.0,,0.0,0.0
2022-08-12,0,0.0,,0.0,0.0
2022-08-13,0,0.0,,0.0,0.0
2022-08-14,0,0.0,False,0.0,0.0
2022-08-15,0,0.0,,0.0,0.0
2022-08-16,35,0.0,,0.0,0.0
2022-08-17,0,0.0,,0.0,0.0
2022-08-18,0,0.0,,0.0,0.0
2022-08-19,42,0.0,,0.0,0.0
2022-08-20,0,0.0,,0.0,0.0
2022-08-21,0,88.0,False,0.88,0.0
2022-08-22,0,88.0,,0.88,0.0
2022-08-23,0,88.0,,0.88,0.0
2022-08-24,0,88.0,,0.88,0.0
2022-08-25,38,88.0,,0.88,33.44
2022-08-26,0,88.0,,0.88,0.0
2022-08-27,0,88.0,,0.88,0.0
2022-08-28,0,27.0,False,0.27,0.0
2022-08-29,0,27.0,,0.27,0.0
2022-08-30,0,27.0,,0.27,0.0
2022-08-31,0,27.0,,0.27,0.0
2022-09-01,0,27.0,,0.27,0.0
2022-09-02,0,27.0,,0.27,0.0
2022-09-03,0,27.0,,0.27,0.0
2022-09-04,100,0.0,True,0.0,0.0
