datetime,symbol,open,high,low,close,volume
2021-05-20,BITKUB:KUBTHB,30.0,35.0,25.0,29.82,36890795.86538722
2021-05-21,BITKUB:KUBTHB,29.82,30.0,25.0,25.68,49878110.15575097
2021-05-22,BITKUB:KUBTHB,25.69,27.14,25.0,25.2,7484418.96804092
2021-05-23,BITKUB:KUBTHB,25.21,25.79,15.1,15.82,17221949.89190793
2021-05-24,BITKUB:KUBTHB,15.85,22.48,15.5,18.98,10237715.88539195
2021-05-25,BITKUB:KUBTHB,18.96,19.2,17.5,17.8,6433302.58006601
2021-05-26,BITKUB:KUBTHB,17.8,18.99,17.8,18.43,3684419.92048565
2021-05-27,BITKUB:KUBTHB,18.43,24.93,18.3,21.64,8475768.60606607
2021-05-28,BITKUB:KUBTHB,21.64,28.99,21.51,26.39,15631455.22871738
2021-05-29,BITKUB:KUBTHB,26.39,27.5,22.0,24.46,5002599.50438538
2021-05-30,BITKUB:KUBTHB,24.44,25.46,22.55,23.65,3463255.49805803
2021-05-31,BITKUB:KUBTHB,23.65,24.26,22.8,23.97,3081085.1811787
2021-06-01,BITKUB:KUBTHB,23.81,25.25,23.2,23.57,2883743.47589042
2021-06-02,BITKUB:KUBTHB,23.57,24.04,23.0,23.42,3327499.21839697
2021-06-03,BITKUB:KUBTHB,23.47,23.69,23.0,23.13,2610247.17788667
2021-06-04,BITKUB:KUBTHB,23.18,26.5,20.51,23.47,9865280.28770813
2021-06-05,BITKUB:KUBTHB,23.47,24.5,22.9,23.26,2405056.42740747
2021-06-06,BITKUB:KUBTHB,23.35,23.39,22.61,22.95,778988.1864423
2021-06-07,BITKUB:KUBTHB,22.99,23.3,22.73,22.73,575337.77397666
2021-06-08,BITKUB:KUBTHB,22.83,22.97,20.0,20.82,2343601.78832087
2021-06-09,BITKUB:KUBTHB,20.82,23.29,20.5,22.32,1409258.92774099
2021-06-10,BITKUB:KUBTHB,22.24,23.0,21.5,21.6,830501.1107519
2021-06-11,BITKUB:KUBTHB,21.6,22.0,20.0,20.7,1688188.50654743
2021-06-12,BITKUB:KUBTHB,20.43,20.93,20.0,20.5,1160229.10057616
2021-06-13,BITKUB:KUBTHB,20.5,20.68,20.0,20.17,755417.13309722
2021-06-14,BITKUB:KUBTHB,20.17,20.4,20.02,20.17,728573.9720692
2021-06-15,BITKUB:KUBTHB,20.21,20.95,20.07,20.13,1074519.2836878
2021-06-16,BITKUB:KUBTHB,20.13,20.29,18.8,19.0,1120963.83509206
2021-06-17,BITKUB:KUBTHB,19.1,19.93,18.91,19.22,621159.31758374
2021-06-18,BITKUB:KUBTHB,19.22,20.5,18.82,19.02,829314.11628945
2021-06-19,BITKUB:KUBTHB,19.02,19.25,18.0,18.59,595910.33734392
2021-06-20,BITKUB:KUBTHB,18.6,18.73,17.05,17.71,821844.43018623
2021-06-21,BITKUB:KUBTHB,17.71,18.23,16.41,16.41,1001077.10362571
2021-06-22,BITKUB:KUBTHB,16.41,16.53,12.5,15.0,1983042.64610301
2021-06-23,BITKUB:KUBTHB,15.0,16.5,13.9,15.4,1276491.59849315
2021-06-24,BITKUB:KUBTHB,15.39,15.9,14.55,15.52,430278.05696787
2021-06-25,BITKUB:KUBTHB,15.54,16.45,15.07,15.17,900924.90240436
2021-06-26,BITKUB:KUBTHB,15.18,15.5,14.5,14.95,582517.45958381
2021-06-27,BITKUB:KUBTHB,14.75,15.45,14.72,15.15,372283.59307137
2021-06-28,BITKUB:KUBTHB,15.09,16.2,15.09,15.6,874115.62369604
2021-06-29,BITKUB:KUBTHB,15.6,16.25,15.31,15.94,1311043.24894415
2021-06-30,BITKUB:KUBTHB,16.03,16.16,15.2,15.4,777583.37091304
2021-07-01,BITKUB:KUBTHB,15.4,15.74,15.2,15.36,442512.48594616
2021-07-02,BITKUB:KUBTHB,15.34,15.58,15.2,15.39,372968.53497597
2021-07-03,BITKUB:KUBTHB,15.38,15.49,15.25,15.41,338495.51698681
2021-07-04,BITKUB:KUBTHB,15.41,15.48,15.31,15.41,385008.10855968
2021-07-05,BITKUB:KUBTHB,15.44,15.45,15.15,15.24,493941.19148506
2021-07-06,BITKUB:KUBTHB,15.22,15.85,15.19,15.52,1069614.59496967
2021-07-07,BITKUB:KUBTHB,15.52,15.69,15.4,15.58,484842.80332625
2021-07-08,BITKUB:KUBTHB,15.57,15.64,15.15,15.2,808741.73810332
2021-07-09,BITKUB:KUBTHB,15.22,15.3,14.5,15.0,1223634.93709587
2021-07-10,BITKUB:KUBTHB,15.0,15.55,14.5,15.06,886655.57006236
2021-07-11,BITKUB:KUBTHB,15.06,15.2,14.85,15.03,651842.09515112
2021-07-12,BITKUB:KUBTHB,15.02,15.09,14.8,14.87,422306.0169926
2021-07-13,BITKUB:KUBTHB,14.85,14.9,13.55,14.1,1915770.52683499
2021-07-14,BITKUB:KUBTHB,14.1,14.18,13.56,13.87,922377.29612249
2021-07-15,BITKUB:KUBTHB,13.88,14.01,13.22,13.24,711230.69576862
2021-07-16,BITKUB:KUBTHB,13.25,14.5,13.22,13.71,967877.66322208
2021-07-17,BITKUB:KUBTHB,13.72,13.81,13.2,13.27,439499.80154435
2021-07-18,BITKUB:KUBTHB,13.28,13.8,13.1,13.32,697185.08886558
2021-07-19,BITKUB:KUBTHB,13.25,13.34,13.0,13.04,665712.44020272
2021-07-20,BITKUB:KUBTHB,13.05,13.19,12.5,13.0,826319.44632999
2021-07-21,BITKUB:KUBTHB,13.07,13.28,12.69,13.19,529167.80210964
2021-07-22,BITKUB:KUBTHB,13.19,13.3,13.02,13.2,512261.06202022
2021-07-23,BITKUB:KUBTHB,13.19,13.49,13.01,13.07,754090.85974601
2021-07-24,BITKUB:KUBTHB,13.04,13.39,13.02,13.36,556694.69926087
2021-07-25,BITKUB:KUBTHB,13.36,13.38,13.05,13.17,500371.49432679
2021-07-26,BITKUB:KUBTHB,13.19,14.39,13.11,14.02,1734354.53728837
2021-07-27,BITKUB:KUBTHB,14.02,14.3,13.0,13.37,975031.16479506
2021-07-28,BITKUB:KUBTHB,13.36,13.85,13.15,13.5,621890.66828287
2021-07-29,BITKUB:KUBTHB,13.5,13.6,13.3,13.46,325550.80926533
2021-07-30,BITKUB:KUBTHB,13.5,13.8,13.36,13.45,918053.65990172
2021-07-31,BITKUB:KUBTHB,13.46,24.0,13.45,20.35,25184968.0126049
2021-08-01,BITKUB:KUBTHB,20.34,22.32,19.02,20.69,6765005.06212869
2021-08-02,BITKUB:KUBTHB,20.69,20.98,19.5,20.28,2410200.00641357
2021-08-03,BITKUB:KUBTHB,20.28,22.52,19.95,20.96,4642543.33984067
2021-08-04,BITKUB:KUBTHB,20.96,22.0,20.86,21.35,2664128.14377045
2021-08-05,BITKUB:KUBTHB,21.35,22.0,21.21,21.74,2322185.57195121
2021-08-06,BITKUB:KUBTHB,21.72,27.88,21.6,26.49,11749296.73030011
2021-08-07,BITKUB:KUBTHB,26.42,29.0,26.4,27.54,12405419.75411196
2021-08-08,BITKUB:KUBTHB,27.54,28.3,27.0,27.5,5790405.90664675
2021-08-09,BITKUB:KUBTHB,27.6,29.5,25.0,27.53,13392349.14200301
2021-08-10,BITKUB:KUBTHB,27.53,28.0,25.0,25.71,6558504.63741473
2021-08-11,BITKUB:KUBTHB,25.62,26.97,25.5,26.05,6357692.65149667
2021-08-12,BITKUB:KUBTHB,26.04,26.5,23.5,23.68,4616634.40070703
2021-08-13,BITKUB:KUBTHB,23.68,25.5,23.6,24.53,2500048.46083642
2021-08-14,BITKUB:KUBTHB,24.54,25.4,24.0,24.49,2585416.56985452
2021-08-15,BITKUB:KUBTHB,24.46,26.46,24.0,25.12,5036382.26112777
2021-08-16,BITKUB:KUBTHB,25.2,25.9,24.88,25.32,1765349.84632612
2021-08-17,BITKUB:KUBTHB,25.31,25.36,24.65,24.72,1370000.90358866
2021-08-18,BITKUB:KUBTHB,24.72,26.0,24.01,25.01,3625178.56685214
2021-08-19,BITKUB:KUBTHB,25.02,25.19,24.5,24.61,1145525.27814926
2021-08-20,BITKUB:KUBTHB,24.62,25.9,24.6,25.47,2428777.18185363
2021-08-21,BITKUB:KUBTHB,25.35,25.8,25.06,25.58,1327739.78442779
2021-08-22,BITKUB:KUBTHB,25.56,26.0,25.2,25.33,1833450.92515705
2021-08-23,BITKUB:KUBTHB,25.35,25.5,25.0,25.1,2532744.68504109
2021-08-24,BITKUB:KUBTHB,25.09,25.16,24.3,24.4,1804573.17024133
2021-08-25,BITKUB:KUBTHB,24.42,25.02,24.07,24.85,1255209.21947963
2021-08-26,BITKUB:KUBTHB,24.85,24.85,24.0,24.1,1127499.94626151
2021-08-27,BITKUB:KUBTHB,24.1,24.4,23.71,24.29,1177294.86937012
2021-08-28,BITKUB:KUBTHB,24.3,24.5,24.0,24.31,853405.90028243
2021-08-29,BITKUB:KUBTHB,24.37,25.02,24.09,24.76,1150437.88149547
2021-08-30,BITKUB:KUBTHB,24.77,25.02,24.5,24.85,1334620.06661335
2021-08-31,BITKUB:KUBTHB,24.84,25.02,24.62,25.01,1375486.10960533
2021-09-01,BITKUB:KUBTHB,25.01,25.97,24.66,25.1,2883220.7156469
2021-09-02,BITKUB:KUBTHB,25.1,25.25,24.9,25.05,1974026.97442354
2021-09-03,BITKUB:KUBTHB,25.05,25.4,24.9,25.13,1456591.91647237
2021-09-04,BITKUB:KUBTHB,25.13,25.29,25.01,25.1,1110920.31430641
2021-09-05,BITKUB:KUBTHB,25.1,25.23,25.01,25.22,869033.53342392
2021-09-06,BITKUB:KUBTHB,25.23,28.0,25.05,26.9,4460307.14206818
2021-09-07,BITKUB:KUBTHB,26.86,27.4,25.0,26.33,2554993.23521404
2021-09-08,BITKUB:KUBTHB,26.33,26.72,25.1,26.06,1333863.4604465
2021-09-09,BITKUB:KUBTHB,26.06,26.85,25.5,26.37,897372.85078831
2021-09-10,BITKUB:KUBTHB,26.36,26.72,25.6,26.09,632475.10846527
2021-09-11,BITKUB:KUBTHB,26.09,26.6,25.82,26.2,457574.03634936
2021-09-12,BITKUB:KUBTHB,26.19,26.5,25.82,26.13,472631.89664284
2021-09-13,BITKUB:KUBTHB,26.13,26.3,25.8,26.01,470911.10122788
2021-09-14,BITKUB:KUBTHB,26.2,26.31,26.0,26.2,353206.51569551
2021-09-15,BITKUB:KUBTHB,26.14,26.79,26.05,26.25,851002.02562702
2021-09-16,BITKUB:KUBTHB,26.24,26.4,26.01,26.09,596687.84778089
2021-09-17,BITKUB:KUBTHB,26.1,26.15,26.0,26.07,425838.33961504
2021-09-18,BITKUB:KUBTHB,26.1,26.11,26.01,26.05,282004.54116517
2021-09-19,BITKUB:KUBTHB,26.04,26.1,25.85,25.9,472490.9041807
2021-09-20,BITKUB:KUBTHB,25.95,26.0,24.89,25.49,861919.41096146
2021-09-21,BITKUB:KUBTHB,25.3,25.67,24.9,25.18,355741.29256197
2021-09-22,BITKUB:KUBTHB,25.17,25.22,24.9,25.13,452857.88056735
2021-09-23,BITKUB:KUBTHB,25.13,25.59,25.1,25.28,208060.90771076
2021-09-24,BITKUB:KUBTHB,25.28,25.49,24.9,25.35,339127.44439379
2021-09-25,BITKUB:KUBTHB,25.16,25.35,25.02,25.1,97641.46265172
2021-09-26,BITKUB:KUBTHB,25.1,25.4,24.91,25.13,314172.87622357
2021-09-27,BITKUB:KUBTHB,25.18,25.5,25.03,25.28,203026.44509042
2021-09-28,BITKUB:KUBTHB,25.28,25.59,25.1,25.15,340199.79745881
2021-09-29,BITKUB:KUBTHB,25.15,25.25,25.0,25.1,251618.36206868
2021-09-30,BITKUB:KUBTHB,25.23,25.3,25.01,25.29,213981.16830522
2021-10-01,BITKUB:KUBTHB,25.27,25.72,24.5,25.18,939867.10735938
2021-10-02,BITKUB:KUBTHB,25.18,25.4,25.11,25.32,491167.71090425
2021-10-03,BITKUB:KUBTHB,25.31,25.38,25.19,25.26,274624.69254955
2021-10-04,BITKUB:KUBTHB,25.27,25.36,25.05,25.11,378234.18621633
2021-10-05,BITKUB:KUBTHB,25.12,25.34,25.11,25.26,356541.11224253
2021-10-06,BITKUB:KUBTHB,25.25,25.35,25.08,25.25,409474.1835175
2021-10-07,BITKUB:KUBTHB,25.25,25.35,25.15,25.3,351209.57904569
2021-10-08,BITKUB:KUBTHB,25.3,25.4,25.19,25.27,226085.44748779
2021-10-09,BITKUB:KUBTHB,25.3,25.5,25.27,25.36,200203.35608396
2021-10-10,BITKUB:KUBTHB,25.36,27.79,25.3,26.79,1401841.58472406
2021-10-11,BITKUB:KUBTHB,26.65,27.0,25.5,26.21,973084.25198585
2021-10-12,BITKUB:KUBTHB,26.23,26.69,25.75,26.15,479057.74013921
2021-10-13,BITKUB:KUBTHB,25.96,26.5,25.81,26.13,307448.98835346
2021-10-14,BITKUB:KUBTHB,26.13,26.45,26.03,26.3,263899.19111992
2021-10-15,BITKUB:KUBTHB,26.3,26.94,26.22,26.77,466855.40521491
2021-10-16,BITKUB:KUBTHB,26.77,27.5,26.21,27.04,881559.17880932
2021-10-17,BITKUB:KUBTHB,27.04,28.0,26.95,27.67,937214.80735987
2021-10-18,BITKUB:KUBTHB,27.68,28.0,27.3,27.69,527153.30691546
2021-10-19,BITKUB:KUBTHB,27.63,30.0,27.51,29.84,2832801.30569617
2021-10-20,BITKUB:KUBTHB,29.77,34.97,29.75,32.96,7178417.33927448
2021-10-21,BITKUB:KUBTHB,32.95,32.95,31.1,31.32,1821243.93718008
2021-10-22,BITKUB:KUBTHB,31.31,32.68,31.3,31.75,915729.06977987
2021-10-23,BITKUB:KUBTHB,31.75,32.3,31.3,32.02,681840.69470061
2021-10-24,BITKUB:KUBTHB,32.02,34.0,32.0,33.6,2138359.01668449
2021-10-25,BITKUB:KUBTHB,33.6,33.9,32.3,32.82,1891185.16909247
2021-10-26,BITKUB:KUBTHB,32.82,33.0,32.01,32.31,1339838.84996028
2021-10-27,BITKUB:KUBTHB,32.31,32.69,31.11,31.46,1367309.02532135
2021-10-28,BITKUB:KUBTHB,31.45,32.5,31.01,32.15,1076705.61626674
2021-10-29,BITKUB:KUBTHB,32.15,32.5,32.01,32.25,1018869.61872141
2021-10-30,BITKUB:KUBTHB,32.19,32.95,32.18,32.64,985147.23951396
2021-10-31,BITKUB:KUBTHB,32.74,33.0,32.1,32.71,1019686.30763966
2021-11-01,BITKUB:KUBTHB,32.8,33.0,32.12,32.84,1080685.41159745
2021-11-02,BITKUB:KUBTHB,32.84,99.99,32.31,77.28,32648884.0821742
2021-11-03,BITKUB:KUBTHB,77.28,94.5,75.01,81.43,14225821.76417978
2021-11-04,BITKUB:KUBTHB,81.3,84.5,77.77,78.1,3087684.66347546
2021-11-05,BITKUB:KUBTHB,78.89,80.0,75.01,77.39,2080220.36090199
2021-11-06,BITKUB:KUBTHB,76.42,85.0,75.1,77.9,3414462.52151951
2021-11-07,BITKUB:KUBTHB,78.2,80.0,77.01,77.8,840775.33321131
2021-11-08,BITKUB:KUBTHB,77.8,78.85,76.5,78.03,1103412.48283477
2021-11-09,BITKUB:KUBTHB,78.03,78.48,76.59,77.25,1069567.93649501
2021-11-10,BITKUB:KUBTHB,77.25,77.61,76.3,76.4,569301.11633622
2021-11-11,BITKUB:KUBTHB,76.4,76.68,56.0,69.07,2040390.59060092
2021-11-12,BITKUB:KUBTHB,69.29,74.0,67.5,72.68,1147915.04893737
2021-11-13,BITKUB:KUBTHB,72.67,78.04,70.0,73.58,1724115.33215767
2021-11-14,BITKUB:KUBTHB,73.24,76.5,72.19,73.79,666360.92352364
2021-11-15,BITKUB:KUBTHB,73.8,75.0,73.0,73.7,438963.8222631
2021-11-16,BITKUB:KUBTHB,73.65,73.99,68.5,70.94,803657.5145272
2021-11-17,BITKUB:KUBTHB,70.72,74.0,70.0,71.26,714269.98639307
2021-11-18,BITKUB:KUBTHB,71.2,72.4,68.0,68.05,725401.06662139
2021-11-19,BITKUB:KUBTHB,68.06,71.6,66.0,70.13,800914.27582174
2021-11-20,BITKUB:KUBTHB,70.14,71.54,68.25,69.88,402266.06157055
2021-11-21,BITKUB:KUBTHB,69.88,70.85,68.0,69.97,299503.20278553
2021-11-22,BITKUB:KUBTHB,69.96,70.5,68.5,69.1,326207.05831675
2021-11-23,BITKUB:KUBTHB,69.1,85.0,68.5,76.02,4359648.35123226
2021-11-24,BITKUB:KUBTHB,76.8,84.45,75.45,79.75,3070316.06848611
2021-11-25,BITKUB:KUBTHB,79.75,98.0,77.01,91.56,7254239.15860882
2021-11-26,BITKUB:KUBTHB,91.56,124.98,90.14,117.5,11186534.95340319
2021-11-27,BITKUB:KUBTHB,117.5,199.0,112.0,181.0,14891064.77595961
2021-11-28,BITKUB:KUBTHB,181.0,349.0,181.0,336.0,16580643.79557576
2021-11-29,BITKUB:KUBTHB,336.5,499.99,320.0,454.89,15419760.68981122
2021-11-30,BITKUB:KUBTHB,454.0,480.0,150.0,233.49,14166665.26704781
2021-12-01,BITKUB:KUBTHB,233.49,299.0,200.0,265.48,9504946.79011481
2021-12-02,BITKUB:KUBTHB,265.48,280.0,228.28,239.2,3546481.80260508
2021-12-03,BITKUB:KUBTHB,239.2,259.0,230.0,240.99,1858569.21981628
2021-12-04,BITKUB:KUBTHB,240.07,245.0,200.0,212.05,4028253.071516
2021-12-05,BITKUB:KUBTHB,212.5,249.8,210.01,235.88,2750784.79108958
2021-12-06,BITKUB:KUBTHB,235.0,247.0,224.0,242.2,2128463.57642588
2021-12-07,BITKUB:KUBTHB,242.98,248.01,230.0,238.47,1355002.88573303
2021-12-08,BITKUB:KUBTHB,237.41,241.5,230.5,233.05,646929.39304345
2021-12-09,BITKUB:KUBTHB,233.05,237.48,231.0,231.2,429747.88262305
2021-12-10,BITKUB:KUBTHB,231.2,233.9,225.0,225.11,591179.32718407
2021-12-11,BITKUB:KUBTHB,226.0,249.5,220.0,239.98,1688751.52006126
2021-12-12,BITKUB:KUBTHB,239.01,275.0,235.2,267.01,3305983.28893214
2021-12-13,BITKUB:KUBTHB,267.5,270.0,250.1,255.24,997893.51478804
2021-12-14,BITKUB:KUBTHB,255.23,269.6,252.01,259.35,1086386.77644618
2021-12-15,BITKUB:KUBTHB,259.35,274.0,257.08,271.8,1435520.99374033
2021-12-16,BITKUB:KUBTHB,271.52,379.98,267.04,347.0,7824300.33436369
2021-12-17,BITKUB:KUBTHB,346.5,375.0,305.55,340.38,4082458.36203224
2021-12-18,BITKUB:KUBTHB,340.38,365.0,330.0,357.01,1906227.65134321
2021-12-19,BITKUB:KUBTHB,357.01,375.0,352.5,363.49,1866421.12033622
2021-12-20,BITKUB:KUBTHB,363.49,370.3,350.0,355.0,1230379.0502106
2021-12-21,BITKUB:KUBTHB,355.0,370.0,352.5,367.06,973969.4002029
2021-12-22,BITKUB:KUBTHB,367.5,369.8,360.0,365.78,812165.69768042
2021-12-23,BITKUB:KUBTHB,365.0,437.88,360.1,415.0,4098618.70783177
2021-12-24,BITKUB:KUBTHB,414.1,449.0,410.0,434.0,2995669.89911631
2021-12-25,BITKUB:KUBTHB,433.02,444.0,430.0,439.0,901491.77561503
2021-12-26,BITKUB:KUBTHB,439.0,442.0,430.0,437.0,697135.05818066
2021-12-27,BITKUB:KUBTHB,437.21,500.0,435.54,494.98,4283853.92579897
2021-12-28,BITKUB:KUBTHB,494.98,580.0,420.0,500.0,9241131.13375115
2021-12-29,BITKUB:KUBTHB,500.0,515.0,480.0,483.01,1710558.99960585
2021-12-30,BITKUB:KUBTHB,483.01,500.0,480.5,486.2,1416765.18193152
2021-12-31,BITKUB:KUBTHB,486.0,495.0,485.0,491.0,619775.07739396
2022-01-01,BITKUB:KUBTHB,491.0,493.0,480.0,482.0,670893.65010605
2022-01-02,BITKUB:KUBTHB,482.0,485.5,420.0,431.0,3345581.224608
2022-01-03,BITKUB:KUBTHB,430.99,457.98,422.0,448.0,1326900.02564244
2022-01-04,BITKUB:KUBTHB,447.2,453.5,433.0,436.99,789670.00844478
2022-01-05,BITKUB:KUBTHB,436.99,444.5,420.06,423.0,785901.15783322
2022-01-06,BITKUB:KUBTHB,423.9,423.9,351.0,374.99,3467706.25599399
2022-01-07,BITKUB:KUBTHB,374.99,399.49,370.0,374.01,1190421.74826184
2022-01-08,BITKUB:KUBTHB,377.0,381.4,344.0,345.0,1209236.43352625
2022-01-09,BITKUB:KUBTHB,344.0,352.0,290.0,324.99,2491568.600485
2022-01-10,BITKUB:KUBTHB,325.0,398.9,320.0,371.0,4027893.31971501
2022-01-11,BITKUB:KUBTHB,371.0,385.0,355.0,375.0,1088810.82768599
2022-01-12,BITKUB:KUBTHB,375.49,444.0,372.0,431.05,3453980.73327289
2022-01-13,BITKUB:KUBTHB,431.89,469.4,410.25,431.0,3590789.10179822
2022-01-14,BITKUB:KUBTHB,431.8,440.0,402.0,428.1,2200140.92140989
2022-01-15,BITKUB:KUBTHB,429.0,438.99,416.2,425.0,887486.65647189
2022-01-16,BITKUB:KUBTHB,425.99,435.0,422.08,427.48,638305.70211845
2022-01-17,BITKUB:KUBTHB,427.44,430.0,380.0,388.21,2302310.5571146
2022-01-18,BITKUB:KUBTHB,388.21,399.0,365.0,376.99,1465544.19240902
2022-01-19,BITKUB:KUBTHB,376.99,395.0,372.19,382.8,727424.66643678
2022-01-20,BITKUB:KUBTHB,382.8,385.0,370.0,378.5,576150.57349358
2022-01-21,BITKUB:KUBTHB,378.99,381.99,331.3,345.99,2011123.78669611
2022-01-22,BITKUB:KUBTHB,345.5,346.91,294.92,313.0,2827564.35258426
2022-01-23,BITKUB:KUBTHB,313.01,370.0,305.0,338.0,2642247.0668057
2022-01-24,BITKUB:KUBTHB,338.79,356.0,315.01,330.01,1516505.9679542
2022-01-25,BITKUB:KUBTHB,330.01,343.0,321.5,323.5,1117613.51854346
2022-01-26,BITKUB:KUBTHB,323.5,330.0,305.0,312.49,1468163.0514009
2022-01-27,BITKUB:KUBTHB,312.2,319.4,305.0,309.44,807291.10764653
2022-01-28,BITKUB:KUBTHB,309.2,340.0,307.5,331.85,1435655.94029184
2022-01-29,BITKUB:KUBTHB,331.5,338.89,320.0,325.99,897282.0296662
2022-01-30,BITKUB:KUBTHB,326.0,331.75,322.0,326.61,453853.06905253
2022-01-31,BITKUB:KUBTHB,326.61,329.0,315.0,319.5,491970.68537823
2022-02-01,BITKUB:KUBTHB,319.99,328.5,319.11,323.2,499835.77815601
2022-02-02,BITKUB:KUBTHB,324.6,326.26,315.0,317.38,403344.73392435
2022-02-03,BITKUB:KUBTHB,316.57,319.9,308.0,310.2,483528.84575014
2022-02-04,BITKUB:KUBTHB,310.03,325.0,309.5,320.02,493758.28908949
2022-02-05,BITKUB:KUBTHB,320.02,330.0,318.0,320.4,930847.43250072
2022-02-06,BITKUB:KUBTHB,320.09,326.0,316.01,319.61,691531.85331292
2022-02-07,BITKUB:KUBTHB,318.71,325.0,318.0,320.51,636792.83783319
2022-02-08,BITKUB:KUBTHB,320.57,359.49,320.24,329.02,2612463.23596201
2022-02-09,BITKUB:KUBTHB,329.0,338.0,326.01,333.7,527288.44487641
2022-02-10,BITKUB:KUBTHB,333.98,338.0,316.0,326.19,722653.06302705
2022-02-11,BITKUB:KUBTHB,326.19,329.0,316.5,320.12,330686.12488641
2022-02-12,BITKUB:KUBTHB,320.13,322.0,310.5,312.51,520142.49660136
2022-02-13,BITKUB:KUBTHB,313.0,327.0,312.5,318.96,533240.75928931
2022-02-14,BITKUB:KUBTHB,318.23,320.79,311.0,312.77,456138.23940126
2022-02-15,BITKUB:KUBTHB,312.38,320.0,311.02,314.09,511186.9159472
2022-02-16,BITKUB:KUBTHB,314.1,319.99,313.0,313.71,301088.14474843
2022-02-17,BITKUB:KUBTHB,313.1,315.5,310.0,312.28,371902.68899784
2022-02-18,BITKUB:KUBTHB,312.01,313.8,300.1,301.0,542230.49505478
2022-02-19,BITKUB:KUBTHB,300.62,305.0,280.0,291.7,830290.82730806
2022-02-20,BITKUB:KUBTHB,293.0,294.9,261.27,277.99,893547.62577787
2022-02-21,BITKUB:KUBTHB,275.41,315.0,273.57,289.8,1251235.33160297
2022-02-22,BITKUB:KUBTHB,290.0,292.3,270.0,276.0,672631.37785931
2022-02-23,BITKUB:KUBTHB,276.49,289.0,275.0,281.48,523286.23695477
2022-02-24,BITKUB:KUBTHB,281.47,283.49,250.01,259.0,1215381.34602994
2022-02-25,BITKUB:KUBTHB,258.01,294.89,253.0,287.0,1246559.45286949
2022-02-26,BITKUB:KUBTHB,287.0,315.0,278.1,291.33,1484745.37940542
2022-02-27,BITKUB:KUBTHB,294.99,296.0,275.0,285.36,866098.60706865
2022-02-28,BITKUB:KUBTHB,285.9,295.5,278.45,290.02,607777.78885613
2022-03-01,BITKUB:KUBTHB,290.01,308.0,285.11,291.5,1219925.54486081
2022-03-02,BITKUB:KUBTHB,290.24,300.0,288.0,290.22,631501.81390019
2022-03-03,BITKUB:KUBTHB,290.01,293.0,280.0,280.05,480570.29520775
2022-03-04,BITKUB:KUBTHB,280.98,285.9,270.0,272.41,517721.23041732
2022-03-05,BITKUB:KUBTHB,272.4,279.9,266.66,275.05,342027.09488062
2022-03-06,BITKUB:KUBTHB,275.99,279.99,268.2,269.1,251978.77951118
2022-03-07,BITKUB:KUBTHB,269.09,273.0,260.5,266.75,352609.80768362
2022-03-08,BITKUB:KUBTHB,266.72,284.0,262.02,268.84,708200.92458742
2022-03-09,BITKUB:KUBTHB,268.05,280.0,267.33,273.6,541457.6466882
2022-03-10,BITKUB:KUBTHB,273.6,275.0,266.0,267.71,325099.68934445
2022-03-11,BITKUB:KUBTHB,267.64,275.0,265.0,267.49,297572.37244428
2022-03-12,BITKUB:KUBTHB,267.49,269.18,264.99,266.66,204006.4663909
2022-03-13,BITKUB:KUBTHB,266.89,269.58,266.0,266.3,161066.4607686
2022-03-14,BITKUB:KUBTHB,266.26,268.0,263.0,263.08,210958.29617926
2022-03-15,BITKUB:KUBTHB,263.08,269.75,260.23,262.0,262190.55603282
2022-03-16,BITKUB:KUBTHB,262.2,265.0,261.2,262.0,250323.16149305
2022-03-17,BITKUB:KUBTHB,262.0,268.0,261.81,263.6,355227.9860657
2022-03-18,BITKUB:KUBTHB,263.6,269.0,262.11,265.08,364026.54091838
2022-03-19,BITKUB:KUBTHB,265.18,282.81,264.0,273.09,704774.34022509
2022-03-20,BITKUB:KUBTHB,273.1,278.0,266.0,266.84,613417.03773609
2022-03-21,BITKUB:KUBTHB,266.5,271.0,265.0,268.17,274550.66631359
2022-03-22,BITKUB:KUBTHB,268.01,272.05,267.0,270.28,405033.25315063
2022-03-23,BITKUB:KUBTHB,270.29,271.0,260.09,263.49,588977.28145871
2022-03-24,BITKUB:KUBTHB,263.49,266.5,260.5,262.82,532832.47746447
2022-03-25,BITKUB:KUBTHB,262.0,270.0,260.51,262.5,653262.44965844
2022-03-26,BITKUB:KUBTHB,262.5,264.99,262.0,262.62,237081.25355585
2022-03-27,BITKUB:KUBTHB,262.67,267.78,261.05,263.53,599308.41804647
2022-03-28,BITKUB:KUBTHB,263.9,274.5,262.1,270.0,1041391.9628842
2022-03-29,BITKUB:KUBTHB,270.0,326.0,268.0,285.6,4439517.1603268
2022-03-30,BITKUB:KUBTHB,285.6,310.0,282.0,296.5,2133747.56156519
2022-03-31,BITKUB:KUBTHB,296.52,303.0,280.01,280.38,1714082.51596502
2022-04-01,BITKUB:KUBTHB,280.38,290.0,280.0,284.56,805282.88123463
2022-04-02,BITKUB:KUBTHB,284.79,296.0,283.37,287.69,815250.5423629
2022-04-03,BITKUB:KUBTHB,287.67,290.0,283.0,286.2,511312.81321613
2022-04-04,BITKUB:KUBTHB,286.27,289.0,280.02,281.2,453887.19753455
2022-04-05,BITKUB:KUBTHB,281.9,287.5,280.01,280.61,423866.12115807
2022-04-06,BITKUB:KUBTHB,280.62,283.4,265.0,265.48,739289.52890025
2022-04-07,BITKUB:KUBTHB,265.48,275.01,264.1,268.55,400884.91332529
2022-04-08,BITKUB:KUBTHB,268.55,271.0,265.15,265.52,275942.46977244
2022-04-09,BITKUB:KUBTHB,265.53,268.0,261.66,262.7,260113.29626881
2022-04-10,BITKUB:KUBTHB,262.69,268.7,262.0,262.59,207858.27685937
2022-04-11,BITKUB:KUBTHB,262.36,263.9,240.0,241.0,755273.89930335
2022-04-12,BITKUB:KUBTHB,241.0,254.0,230.7,235.67,950425.25418025
2022-04-13,BITKUB:KUBTHB,235.52,245.0,235.0,240.5,412158.97030877
2022-04-14,BITKUB:KUBTHB,240.5,244.0,235.0,236.35,372931.74764303
2022-04-15,BITKUB:KUBTHB,236.34,238.79,235.0,235.01,182047.62566826
2022-04-16,BITKUB:KUBTHB,235.13,241.46,231.1,232.04,375127.46400075
2022-04-17,BITKUB:KUBTHB,232.05,239.5,232.0,233.37,343941.91921859
2022-04-18,BITKUB:KUBTHB,233.36,234.17,201.1,216.15,1468022.70232941
2022-04-19,BITKUB:KUBTHB,216.1,226.0,214.87,219.77,603514.41670409
2022-04-20,BITKUB:KUBTHB,219.88,238.0,218.51,222.44,969059.12438965
2022-04-21,BITKUB:KUBTHB,222.45,234.8,221.87,226.08,546906.8712279
2022-04-22,BITKUB:KUBTHB,226.47,226.47,216.1,219.1,332764.05294314
2022-04-23,BITKUB:KUBTHB,219.1,225.99,216.5,221.32,313188.83944535
2022-04-24,BITKUB:KUBTHB,221.0,228.0,218.03,223.69,435172.59833138
2022-04-25,BITKUB:KUBTHB,223.79,226.99,212.0,217.7,495978.70737533
2022-04-26,BITKUB:KUBTHB,217.7,222.0,215.0,215.25,322500.88984455
2022-04-27,BITKUB:KUBTHB,215.25,234.89,214.54,219.76,819811.32732536
2022-04-28,BITKUB:KUBTHB,219.01,225.0,216.17,217.2,381792.68101664
2022-04-29,BITKUB:KUBTHB,217.2,219.5,212.0,213.49,330955.60231579
2022-04-30,BITKUB:KUBTHB,213.49,216.0,204.5,208.95,421133.14180237
2022-05-01,BITKUB:KUBTHB,208.95,210.85,190.0,196.2,802369.36309005
2022-05-02,BITKUB:KUBTHB,196.3,199.44,172.01,176.29,1187602.8257242
2022-05-03,BITKUB:KUBTHB,175.99,179.44,161.15,168.89,1411255.4876412
2022-05-04,BITKUB:KUBTHB,168.89,175.0,165.0,166.09,798795.83238205
2022-05-05,BITKUB:KUBTHB,166.77,179.0,160.0,160.78,1123056.77914642
2022-05-06,BITKUB:KUBTHB,160.71,164.0,136.0,144.49,2304831.64806184
2022-05-07,BITKUB:KUBTHB,143.6,153.0,140.0,147.99,742338.39550521
2022-05-08,BITKUB:KUBTHB,148.09,150.12,133.0,134.3,785834.99749259
2022-05-09,BITKUB:KUBTHB,134.31,138.0,120.01,120.79,1118773.02235288
2022-05-10,BITKUB:KUBTHB,120.06,134.95,105.2,129.99,2557121.99767185
2022-05-11,BITKUB:KUBTHB,129.99,185.0,125.0,135.41,5670271.09238247
2022-05-12,BITKUB:KUBTHB,135.53,146.28,113.0,124.58,2391011.32506936
2022-05-13,BITKUB:KUBTHB,124.58,135.0,121.12,126.73,1156392.23283678
2022-05-14,BITKUB:KUBTHB,126.75,129.86,118.22,122.25,783550.4422737
2022-05-15,BITKUB:KUBTHB,122.25,127.5,120.0,123.0,471174.28304147
2022-05-16,BITKUB:KUBTHB,123.0,126.3,120.5,122.4,313141.7964884
2022-05-17,BITKUB:KUBTHB,122.39,128.0,121.32,124.39,418712.24803077
2022-05-18,BITKUB:KUBTHB,123.79,125.98,120.65,121.0,302826.29022832
2022-05-19,BITKUB:KUBTHB,121.89,127.55,117.36,123.16,524268.85939627
2022-05-20,BITKUB:KUBTHB,123.04,127.55,119.45,120.63,580809.05882743
2022-05-21,BITKUB:KUBTHB,120.49,121.62,115.0,116.99,588948.95177903
2022-05-22,BITKUB:KUBTHB,116.99,118.8,115.7,116.51,391027.68456168
2022-05-23,BITKUB:KUBTHB,116.5,118.3,115.0,115.9,484708.16836491
2022-05-24,BITKUB:KUBTHB,115.9,116.0,108.0,111.13,614068.43927177
2022-05-25,BITKUB:KUBTHB,111.38,114.0,109.19,111.76,255009.34465008
2022-05-26,BITKUB:KUBTHB,111.84,112.5,106.0,109.0,345623.40364697
2022-05-27,BITKUB:KUBTHB,109.29,109.91,103.2,103.51,383156.64512825
2022-05-28,BITKUB:KUBTHB,103.89,103.9,82.0,89.06,2618045.44816143
2022-05-29,BITKUB:KUBTHB,89.59,92.75,83.6,87.01,995817.70940852
2022-05-30,BITKUB:KUBTHB,87.76,117.44,86.46,105.3,3071004.82007184
2022-05-31,BITKUB:KUBTHB,105.3,122.9,105.3,111.45,2463375.59444929
2022-06-01,BITKUB:KUBTHB,112.1,114.3,103.35,104.98,868910.80432201
2022-06-02,BITKUB:KUBTHB,104.97,107.0,101.01,105.0,643598.29406088
2022-06-03,BITKUB:KUBTHB,105.0,107.5,101.5,103.22,366191.44559144
2022-06-04,BITKUB:KUBTHB,103.9,104.32,101.5,102.8,162068.7832162
2022-06-05,BITKUB:KUBTHB,102.81,103.6,102.0,102.8,152978.37815152
2022-06-06,BITKUB:KUBTHB,102.81,106.7,102.04,103.5,430269.51944808
2022-06-07,BITKUB:KUBTHB,103.2,105.45,98.0,102.82,464860.59159791
2022-06-08,BITKUB:KUBTHB,102.85,105.0,101.54,102.7,179485.99440982
2022-06-09,BITKUB:KUBTHB,102.22,103.99,101.41,102.06,233988.5510283
2022-06-10,BITKUB:KUBTHB,102.07,102.45,98.1,98.98,369488.15869016
2022-06-11,BITKUB:KUBTHB,98.96,101.5,92.3,93.96,497324.07347146
2022-06-12,BITKUB:KUBTHB,93.95,94.9,89.0,93.49,493901.36741826
2022-06-13,BITKUB:KUBTHB,93.04,95.0,80.08,83.45,943420.01056949
2022-06-14,BITKUB:KUBTHB,83.44,83.99,76.1,82.24,843238.37776614
2022-06-15,BITKUB:KUBTHB,82.07,83.0,75.76,77.02,586807.33189562
2022-06-16,BITKUB:KUBTHB,77.37,93.0,77.01,80.59,870524.4380492
2022-06-17,BITKUB:KUBTHB,80.59,82.3,79.3,81.84,251413.80314045
2022-06-18,BITKUB:KUBTHB,81.86,84.5,76.5,76.81,549461.04659359
2022-06-19,BITKUB:KUBTHB,76.81,79.88,75.1,78.61,508670.09114861
2022-06-20,BITKUB:KUBTHB,78.62,83.0,78.2,79.34,558308.55694947
2022-06-21,BITKUB:KUBTHB,79.34,89.1,79.0,85.91,1029517.76582339
2022-06-22,BITKUB:KUBTHB,86.0,86.26,80.24,82.9,589049.170148
2022-06-23,BITKUB:KUBTHB,82.89,86.76,81.5,83.63,512730.87319126
2022-06-24,BITKUB:KUBTHB,83.63,87.0,82.37,86.78,438671.0636206
2022-06-25,BITKUB:KUBTHB,86.7,113.0,85.5,102.66,3496115.45029913
2022-06-26,BITKUB:KUBTHB,102.9,109.91,100.95,105.94,1118162.26680148
2022-06-27,BITKUB:KUBTHB,105.17,105.94,99.02,99.28,725047.98534512
2022-06-28,BITKUB:KUBTHB,100.19,111.74,99.0,106.29,1502164.0148387
2022-06-29,BITKUB:KUBTHB,106.47,110.0,99.51,103.06,1034996.34574208
2022-06-30,BITKUB:KUBTHB,103.06,107.0,90.1,91.57,1290543.58787603
2022-07-01,BITKUB:KUBTHB,91.65,100.0,90.02,94.0,717303.01207852
2022-07-02,BITKUB:KUBTHB,94.0,94.88,90.31,91.65,340577.12839459
2022-07-03,BITKUB:KUBTHB,91.86,94.9,91.01,92.03,397573.24710118
2022-07-04,BITKUB:KUBTHB,92.03,93.6,92.0,93.35,264970.96740529
2022-07-05,BITKUB:KUBTHB,92.82,94.99,91.1,92.61,465814.51737823
2022-07-06,BITKUB:KUBTHB,92.6,93.5,91.5,93.42,232915.45653388
2022-07-07,BITKUB:KUBTHB,93.01,109.0,92.25,106.0,2127925.16215779
2022-07-08,BITKUB:KUBTHB,105.55,113.0,103.72,108.5,1905478.39330688
2022-07-09,BITKUB:KUBTHB,107.54,110.27,106.0,108.19,613093.16078938
2022-07-10,BITKUB:KUBTHB,108.2,109.0,104.1,105.25,422362.2235634
2022-07-11,BITKUB:KUBTHB,105.2,110.5,104.2,109.31,560552.00083359
2022-07-12,BITKUB:KUBTHB,109.76,109.79,104.5,106.42,594894.4659179
2022-07-13,BITKUB:KUBTHB,106.41,107.0,94.0,98.21,1002235.74202626
2022-07-14,BITKUB:KUBTHB,98.22,105.0,98.03,100.79,732998.75463475
2022-07-15,BITKUB:KUBTHB,100.68,103.43,100.0,101.76,554840.47680504
2022-07-16,BITKUB:KUBTHB,101.76,104.0,99.0,103.0,440053.12784915
2022-07-17,BITKUB:KUBTHB,103.01,103.55,100.75,101.0,339269.7482833
2022-07-18,BITKUB:KUBTHB,101.0,105.0,99.93,103.87,766792.14914448
2022-07-19,BITKUB:KUBTHB,103.88,105.0,102.0,104.27,537293.78250619
2022-07-20,BITKUB:KUBTHB,104.39,105.91,103.0,103.3,764307.88957847
2022-07-21,BITKUB:KUBTHB,103.3,104.45,98.03,100.97,714757.26826496
2022-07-22,BITKUB:KUBTHB,100.97,102.2,99.5,99.95,330110.82651555
2022-07-23,BITKUB:KUBTHB,99.95,101.5,98.0,98.02,300622.21978197
2022-07-24,BITKUB:KUBTHB,98.3,100.49,98.0,99.3,176151.41834168
2022-07-25,BITKUB:KUBTHB,99.03,99.8,95.01,96.65,269393.79890668
2022-07-26,BITKUB:KUBTHB,96.36,97.89,90.25,90.25,386578.44204696
2022-07-27,BITKUB:KUBTHB,90.27,101.99,90.12,96.5,838569.70272702
2022-07-28,BITKUB:KUBTHB,96.5,100.0,95.33,97.87,727164.50257808
2022-07-29,BITKUB:KUBTHB,97.86,98.6,95.0,95.36,592681.84479968
2022-07-30,BITKUB:KUBTHB,95.04,97.5,95.0,97.09,344333.22000359
2022-07-31,BITKUB:KUBTHB,97.09,97.52,95.11,96.41,234494.50700062
2022-08-01,BITKUB:KUBTHB,96.69,97.0,94.0,95.38,258842.75089957
2022-08-02,BITKUB:KUBTHB,95.39,95.59,92.0,94.42,316346.59419499
2022-08-03,BITKUB:KUBTHB,94.0,94.6,92.5,93.68,252484.12898866
2022-08-04,BITKUB:KUBTHB,93.67,99.0,92.13,92.72,939788.50432171
2022-08-05,BITKUB:KUBTHB,92.96,96.5,92.6,94.24,306831.62439169
2022-08-06,BITKUB:KUBTHB,94.0,95.0,93.1,93.9,219409.59876549
2022-08-07,BITKUB:KUBTHB,93.65,96.0,93.0,93.38,352904.99258111
2022-08-08,BITKUB:KUBTHB,93.38,94.29,93.01,93.6,305451.13988256
2022-08-09,BITKUB:KUBTHB,93.6,94.0,88.88,90.4,535928.31736515
2022-08-10,BITKUB:KUBTHB,90.4,93.0,89.02,91.86,322645.03471741
2022-08-11,BITKUB:KUBTHB,91.85,92.9,91.21,91.94,218118.57523774
2022-08-12,BITKUB:KUBTHB,91.52,92.6,91.01,91.61,165840.14197173
2022-08-13,BITKUB:KUBTHB,91.61,92.8,91.1,92.29,174160.97123035
2022-08-14,BITKUB:KUBTHB,92.29,92.3,91.0,91.39,181823.19433718
2022-08-15,BITKUB:KUBTHB,91.9,92.95,90.0,91.09,262531.70950548
2022-08-16,BITKUB:KUBTHB,91.23,93.2,90.6,91.0,269719.2365948
2022-08-17,BITKUB:KUBTHB,91.0,91.9,88.5,88.65,276526.04858271
2022-08-18,BITKUB:KUBTHB,88.65,90.3,86.0,86.04,390311.56470887
2022-08-19,BITKUB:KUBTHB,86.73,89.0,81.5,82.22,539857.61145808
2022-08-20,BITKUB:KUBTHB,82.22,82.53,80.16,80.77,223372.66674004
2022-08-21,BITKUB:KUBTHB,80.77,81.6,80.0,80.3,180621.14036852
2022-08-22,BITKUB:KUBTHB,80.5,81.35,72.25,73.65,775987.93476453
2022-08-23,BITKUB:KUBTHB,73.65,77.58,72.95,74.83,413360.72459972
2022-08-24,BITKUB:KUBTHB,75.0,75.6,73.0,73.9,395175.49123159
2022-08-25,BITKUB:KUBTHB,73.9,74.4,43.22,61.3,5378758.36740904
2022-08-26,BITKUB:KUBTHB,61.3,63.9,55.56,56.15,1525943.24165659
2022-08-27,BITKUB:KUBTHB,56.6,57.9,54.01,54.1,937182.2392571
2022-08-28,BITKUB:KUBTHB,54.32,56.44,52.5,55.9,458829.78114282
2022-08-29,BITKUB:KUBTHB,56.0,56.74,53.89,54.76,435205.21738365
2022-08-30,BITKUB:KUBTHB,54.76,55.39,48.0,48.75,1506462.24984469
2022-08-31,BITKUB:KUBTHB,48.75,50.97,44.7,47.09,1407663.37131399
2022-09-01,BITKUB:KUBTHB,47.09,47.15,39.0,42.87,3161592.36846241
2022-09-02,BITKUB:KUBTHB,42.86,63.75,42.34,55.6,8838658.14335755
2022-09-03,BITKUB:KUBTHB,55.8,65.0,55.1,59.99,3126284.36166468
2022-09-04,BITKUB:KUBTHB,59.99,62.5,57.0,59.9,1292126.33418131
2022-09-05,BITKUB:KUBTHB,59.93,60.48,55.15,57.21,1425808.07377714
2022-09-06,BITKUB:KUBTHB,57.82,57.83,55.15,55.46,1079209.20553263
2022-09-07,BITKUB:KUBTHB,55.6,55.69,50.35,53.0,1417827.18746822
2022-09-08,BITKUB:KUBTHB,52.99,57.0,51.56,52.99,2220661.4997862
2022-09-09,BITKUB:KUBTHB,52.99,54.5,52.0,52.93,1106494.20494312
2022-09-10,BITKUB:KUBTHB,52.93,53.57,51.8,52.0,642574.66955429
2022-09-11,BITKUB:KUBTHB,52.0,57.8,50.55,55.4,1686427.48891139
2022-09-12,BITKUB:KUBTHB,55.3,55.52,52.5,53.16,1314944.93407251
2022-09-13,BITKUB:KUBTHB,53.16,53.98,50.5,51.66,732307.43451223
2022-09-14,BITKUB:KUBTHB,51.66,51.67,48.21,48.69,964088.21776519
2022-09-15,BITKUB:KUBTHB,48.69,50.68,47.51,47.74,576001.51620034
2022-09-16,BITKUB:KUBTHB,47.74,48.9,46.73,47.14,337055.81353103
2022-09-17,BITKUB:KUBTHB,47.14,53.39,46.6,51.7,1510592.87079649
2022-09-18,BITKUB:KUBTHB,51.86,53.3,50.21,50.21,520683.84129793
2022-09-19,BITKUB:KUBTHB,50.37,51.08,48.53,49.6,529382.57285803
2022-09-20,BITKUB:KUBTHB,49.7,50.54,48.87,49.4,216086.36814868
2022-09-21,BITKUB:KUBTHB,49.48,51.2,48.9,50.0,364002.11464436
2022-09-22,BITKUB:KUBTHB,50.0,52.32,49.49,50.45,615614.22910214
2022-09-23,BITKUB:KUBTHB,50.78,51.93,50.4,50.81,440781.59320515
2022-09-24,BITKUB:KUBTHB,50.9,51.85,50.8,51.42,294721.3751067
2022-09-25,BITKUB:KUBTHB,51.58,51.79,50.02,50.57,230333.64572025
2022-09-26,BITKUB:KUBTHB,50.57,51.0,49.56,50.61,322497.08555552
2022-09-27,BITKUB:KUBTHB,50.63,51.8,50.05,50.09,347119.456768
2022-09-28,BITKUB:KUBTHB,50.19,50.76,49.0,50.03,296178.76676524
2022-09-29,BITKUB:KUBTHB,50.03,50.7,49.6,50.21,215892.92984065
2022-09-30,BITKUB:KUBTHB,50.48,51.78,49.5,51.05,491647.74590092
2022-10-01,BITKUB:KUBTHB,51.35,51.75,50.0,50.38,310652.23073374
2022-10-02,BITKUB:KUBTHB,50.38,51.2,49.89,50.06,231080.22124107
2022-10-03,BITKUB:KUBTHB,50.06,50.5,49.5,49.85,200798.69380093
2022-10-04,BITKUB:KUBTHB,49.85,50.26,49.5,50.0,241671.91549285
2022-10-05,BITKUB:KUBTHB,50.1,50.5,49.6,50.03,255993.06451922
2022-10-06,BITKUB:KUBTHB,50.16,50.45,49.65,50.01,148279.22439054
2022-10-07,BITKUB:KUBTHB,50.11,50.62,49.8,49.95,258631.0487949
2022-10-08,BITKUB:KUBTHB,50.09,50.2,49.91,49.95,68947.61598134
2022-10-09,BITKUB:KUBTHB,50.0,50.2,49.81,50.0,78710.67997124
2022-10-10,BITKUB:KUBTHB,50.2,50.6,49.61,49.78,210364.34807351
2022-10-11,BITKUB:KUBTHB,49.79,49.9,48.2,48.92,276774.18435511
2022-10-12,BITKUB:KUBTHB,49.06,49.5,48.1,48.24,90156.06913111
